well_id,well_name,location,decline_type,complication_type,month_index,date,oil_rate,gas_rate,water_rate,event_note
1,WELL-01,Bonny,exponential,none,1,2024-01-01,784.3,774.5,84.7,
1,WELL-01,Bonny,exponential,none,2,2024-02-01,842.6,810.5,101.4,
1,WELL-01,Bonny,exponential,none,3,2024-03-01,747.5,729.7,99.5,
1,WELL-01,Bonny,exponential,none,4,2024-04-01,746.1,752.8,109.0,
1,WELL-01,Bonny,exponential,none,5,2024-05-01,736.8,683.1,117.4,
1,WELL-01,Bonny,exponential,none,6,2024-06-01,664.0,708.0,114.8,
1,WELL-01,Bonny,exponential,none,7,2024-07-01,648.5,790.2,121.2,
1,WELL-01,Bonny,exponential,none,8,2024-08-01,628.4,780.1,126.4,
1,WELL-01,Bonny,exponential,none,9,2024-09-01,605.4,649.1,130.6,
1,WELL-01,Bonny,exponential,none,10,2024-10-01,584.6,666.6,134.9,
1,WELL-01,Bonny,exponential,none,11,2024-11-01,566.0,793.8,139.3,
1,WELL-01,Bonny,exponential,none,12,2024-12-01,576.9,621.6,151.0,
1,WELL-01,Bonny,exponential,none,13,2025-01-01,599.2,698.8,166.5,
1,WELL-01,Bonny,exponential,none,14,2025-02-01,536.1,576.6,157.8,
1,WELL-01,Bonny,exponential,none,15,2025-03-01,482.5,515.3,150.3,
1,WELL-01,Bonny,exponential,none,16,2025-04-01,476.6,589.3,156.7,
1,WELL-01,Bonny,exponential,none,17,2025-05-01,447.6,643.7,155.2,
1,WELL-01,Bonny,exponential,none,18,2025-06-01,440.4,483.2,160.8,
1,WELL-01,Bonny,exponential,none,19,2025-07-01,447.3,662.4,171.8,
1,WELL-01,Bonny,exponential,none,20,2025-08-01,407.9,600.1,164.6,
1,WELL-01,Bonny,exponential,none,21,2025-09-01,383.0,452.4,162.2,
1,WELL-01,Bonny,exponential,none,22,2025-10-01,376.1,514.2,167.0,
1,WELL-01,Bonny,exponential,none,23,2025-11-01,392.7,533.8,182.7,
1,WELL-01,Bonny,exponential,none,24,2025-12-01,372.3,538.0,181.2,
2,WELL-02,Forcados,hyperbolic,none,1,2024-01-01,1129.3,1364.0,148.4,
2,WELL-02,Forcados,hyperbolic,none,2,2024-02-01,1050.3,1007.3,151.6,
2,WELL-02,Forcados,hyperbolic,none,3,2024-03-01,1012.1,1053.3,159.5,
2,WELL-02,Forcados,hyperbolic,none,4,2024-04-01,988.7,1029.0,169.2,
2,WELL-02,Forcados,hyperbolic,none,5,2024-05-01,957.4,970.9,177.1,
2,WELL-02,Forcados,hyperbolic,none,6,2024-06-01,850.0,850.4,169.3,
2,WELL-02,Forcados,hyperbolic,none,7,2024-07-01,843.7,1120.8,180.4,
2,WELL-02,Forcados,hyperbolic,none,8,2024-08-01,816.0,1118.8,186.6,
2,WELL-02,Forcados,hyperbolic,none,9,2024-09-01,715.3,760.1,174.5,
2,WELL-02,Forcados,hyperbolic,none,10,2024-10-01,736.6,993.4,191.2,
2,WELL-02,Forcados,hyperbolic,none,11,2024-11-01,668.2,782.1,184.2,
2,WELL-02,Forcados,hyperbolic,none,12,2024-12-01,627.3,716.7,183.3,
2,WELL-02,Forcados,hyperbolic,none,13,2025-01-01,604.7,772.1,186.9,
2,WELL-02,Forcados,hyperbolic,none,14,2025-02-01,543.2,854.0,177.3,Decline shape shifted: hyperbolic to exponential
2,WELL-02,Forcados,hyperbolic,none,15,2025-03-01,505.7,588.9,174.1,
2,WELL-02,Forcados,hyperbolic,none,16,2025-04-01,533.8,667.0,193.6,
2,WELL-02,Forcados,hyperbolic,none,17,2025-05-01,511.9,582.4,195.3,
2,WELL-02,Forcados,hyperbolic,none,18,2025-06-01,507.4,596.7,203.4,
2,WELL-02,Forcados,hyperbolic,none,19,2025-07-01,508.0,624.2,213.7,
2,WELL-02,Forcados,hyperbolic,none,20,2025-08-01,456.4,675.1,201.3,
2,WELL-02,Forcados,hyperbolic,none,21,2025-09-01,468.3,588.5,216.5,
2,WELL-02,Forcados,hyperbolic,none,22,2025-10-01,435.3,541.4,210.6,
2,WELL-02,Forcados,hyperbolic,none,23,2025-11-01,432.6,607.4,219.0,
2,WELL-02,Forcados,hyperbolic,none,24,2025-12-01,418.3,504.4,221.4,
3,WELL-03,Escravos,exponential,none,1,2024-01-01,430.5,437.6,61.2,
3,WELL-03,Escravos,exponential,none,2,2024-02-01,400.2,510.0,62.2,
3,WELL-03,Escravos,exponential,none,3,2024-03-01,399.2,491.9,67.4,
3,WELL-03,Escravos,exponential,none,4,2024-04-01,400.6,493.4,73.2,
3,WELL-03,Escravos,exponential,none,5,2024-05-01,384.0,502.4,75.6,
3,WELL-03,Escravos,exponential,none,6,2024-06-01,385.3,439.5,81.5,
3,WELL-03,Escravos,exponential,none,7,2024-07-01,393.3,506.7,89.0,
3,WELL-03,Escravos,exponential,none,8,2024-08-01,370.1,470.4,89.4,
3,WELL-03,Escravos,exponential,none,9,2024-09-01,362.4,372.1,93.2,
3,WELL-03,Escravos,exponential,none,10,2024-10-01,356.2,340.8,97.3,
3,WELL-03,Escravos,exponential,none,11,2024-11-01,347.5,426.3,100.6,
3,WELL-03,Escravos,exponential,none,12,2024-12-01,322.1,441.5,98.7,
3,WELL-03,Escravos,exponential,none,13,2025-01-01,321.6,410.9,104.1,
3,WELL-03,Escravos,exponential,none,14,2025-02-01,337.5,456.7,115.2,
3,WELL-03,Escravos,exponential,none,15,2025-03-01,307.5,373.0,110.6,
3,WELL-03,Escravos,exponential,none,16,2025-04-01,301.1,432.0,113.9,
3,WELL-03,Escravos,exponential,none,17,2025-05-01,316.8,422.1,126.0,
3,WELL-03,Escravos,exponential,none,18,2025-06-01,300.2,429.6,125.3,
3,WELL-03,Escravos,exponential,none,19,2025-07-01,277.5,392.0,121.5,
3,WELL-03,Escravos,exponential,none,20,2025-08-01,275.9,432.7,126.6,
3,WELL-03,Escravos,exponential,none,21,2025-09-01,281.1,453.9,135.1,
3,WELL-03,Escravos,exponential,none,22,2025-10-01,267.6,374.2,134.5,
3,WELL-03,Escravos,exponential,none,23,2025-11-01,261.4,351.7,137.4,
3,WELL-03,Escravos,exponential,none,24,2025-12-01,267.9,382.0,147.1,
4,WELL-04,Bomu,hyperbolic,none,1,2024-01-01,880.8,1049.2,66.0,
4,WELL-04,Bomu,hyperbolic,none,2,2024-02-01,844.3,1071.3,73.1,
4,WELL-04,Bomu,hyperbolic,none,3,2024-03-01,718.2,862.8,70.8,
4,WELL-04,Bomu,hyperbolic,none,4,2024-04-01,719.0,958.3,79.6,
4,WELL-04,Bomu,hyperbolic,none,5,2024-05-01,679.5,1037.5,83.7,
4,WELL-04,Bomu,hyperbolic,none,6,2024-06-01,658.9,892.9,89.6,
4,WELL-04,Bomu,hyperbolic,none,7,2024-07-01,581.8,678.7,86.7,
4,WELL-04,Bomu,hyperbolic,none,8,2024-08-01,560.0,529.3,90.9,
4,WELL-04,Bomu,hyperbolic,none,9,2024-09-01,575.0,576.6,101.2,
4,WELL-04,Bomu,hyperbolic,none,10,2024-10-01,490.6,495.7,93.2,
4,WELL-04,Bomu,hyperbolic,none,11,2024-11-01,464.7,517.2,95.0,
4,WELL-04,Bomu,hyperbolic,none,12,2024-12-01,478.7,532.2,104.9,
4,WELL-04,Bomu,hyperbolic,none,13,2025-01-01,416.7,438.2,97.6,
4,WELL-04,Bomu,hyperbolic,none,14,2025-02-01,448.7,645.2,112.0,
4,WELL-04,Bomu,hyperbolic,none,15,2025-03-01,359.6,508.4,95.4,
4,WELL-04,Bomu,hyperbolic,none,16,2025-04-01,367.6,364.1,103.5,
4,WELL-04,Bomu,hyperbolic,none,17,2025-05-01,353.2,458.5,105.3,Decline shape shifted: hyperbolic to exponential
4,WELL-04,Bomu,hyperbolic,none,18,2025-06-01,329.8,383.0,104.0,
4,WELL-04,Bomu,hyperbolic,none,19,2025-07-01,345.6,488.4,115.0,
4,WELL-04,Bomu,hyperbolic,none,20,2025-08-01,316.4,470.5,111.0,
4,WELL-04,Bomu,hyperbolic,none,21,2025-09-01,282.7,347.9,104.4,
4,WELL-04,Bomu,hyperbolic,none,22,2025-10-01,287.9,360.7,111.8,
4,WELL-04,Bomu,hyperbolic,none,23,2025-11-01,244.2,276.3,99.6,
4,WELL-04,Bomu,hyperbolic,none,24,2025-12-01,249.3,331.4,106.7,
5,WELL-05,Oloibiri,harmonic,none,1,2024-01-01,580.7,659.0,81.8,
5,WELL-05,Oloibiri,harmonic,none,2,2024-02-01,585.7,695.4,90.2,
5,WELL-05,Oloibiri,harmonic,none,3,2024-03-01,533.1,624.7,89.3,
5,WELL-05,Oloibiri,harmonic,none,4,2024-04-01,519.3,588.8,94.2,
5,WELL-05,Oloibiri,harmonic,none,5,2024-05-01,485.7,630.5,94.9,
5,WELL-05,Oloibiri,harmonic,none,6,2024-06-01,477.4,669.1,100.2,
5,WELL-05,Oloibiri,harmonic,none,7,2024-07-01,454.9,505.3,102.2,
5,WELL-05,Oloibiri,harmonic,none,8,2024-08-01,438.0,467.1,105.1,
5,WELL-05,Oloibiri,harmonic,none,9,2024-09-01,450.7,659.2,115.2,
5,WELL-05,Oloibiri,harmonic,none,10,2024-10-01,434.4,499.2,117.9,
5,WELL-05,Oloibiri,harmonic,none,11,2024-11-01,417.0,545.9,120.0,
5,WELL-05,Oloibiri,harmonic,none,12,2024-12-01,395.8,467.6,120.6,
5,WELL-05,Oloibiri,harmonic,none,13,2025-01-01,374.6,569.8,120.6,
5,WELL-05,Oloibiri,harmonic,none,14,2025-02-01,371.0,535.5,126.0,
5,WELL-05,Oloibiri,harmonic,none,15,2025-03-01,358.2,526.3,128.2,
5,WELL-05,Oloibiri,harmonic,none,16,2025-04-01,373.2,445.5,140.5,
5,WELL-05,Oloibiri,harmonic,none,17,2025-05-01,342.3,377.6,135.4,
5,WELL-05,Oloibiri,harmonic,none,18,2025-06-01,341.4,512.4,141.8,
5,WELL-05,Oloibiri,harmonic,none,19,2025-07-01,354.0,478.9,154.3,
5,WELL-05,Oloibiri,harmonic,none,20,2025-08-01,308.1,406.0,140.7,
5,WELL-05,Oloibiri,harmonic,none,21,2025-09-01,323.3,491.5,154.6,
5,WELL-05,Oloibiri,harmonic,none,22,2025-10-01,306.4,329.5,153.3,
5,WELL-05,Oloibiri,harmonic,none,23,2025-11-01,274.7,461.6,143.7,
5,WELL-05,Oloibiri,harmonic,none,24,2025-12-01,283.6,331.2,155.1,
6,WELL-06,Nembe,exponential,none,1,2024-01-01,1287.9,1229.3,203.0,
6,WELL-06,Nembe,exponential,none,2,2024-02-01,1244.8,1576.1,213.1,
6,WELL-06,Nembe,exponential,none,3,2024-03-01,1182.3,1150.5,218.8,
6,WELL-06,Nembe,exponential,none,4,2024-04-01,1199.1,1556.9,238.9,
6,WELL-06,Nembe,exponential,none,5,2024-05-01,1059.0,1332.0,226.4,
6,WELL-06,Nembe,exponential,none,6,2024-06-01,952.6,1375.0,217.9,
6,WELL-06,Nembe,exponential,none,7,2024-07-01,985.8,906.3,240.6,
6,WELL-06,Nembe,exponential,none,8,2024-08-01,912.8,931.9,237.0,
6,WELL-06,Nembe,exponential,none,9,2024-09-01,904.2,1132.3,249.3,
6,WELL-06,Nembe,exponential,none,10,2024-10-01,865.9,1004.5,253.0,
6,WELL-06,Nembe,exponential,none,11,2024-11-01,830.0,893.3,256.6,
6,WELL-06,Nembe,exponential,none,12,2024-12-01,726.2,1107.0,237.1,Decline shape shifted: exponential to hyperbolic
6,WELL-06,Nembe,exponential,none,13,2025-01-01,686.5,960.3,236.4,
6,WELL-06,Nembe,exponential,none,14,2025-02-01,705.6,967.0,255.9,
6,WELL-06,Nembe,exponential,none,15,2025-03-01,665.3,834.1,253.8,
6,WELL-06,Nembe,exponential,none,16,2025-04-01,578.4,807.9,231.9,
6,WELL-06,Nembe,exponential,none,17,2025-05-01,533.3,657.0,224.4,
6,WELL-06,Nembe,exponential,none,18,2025-06-01,546.5,546.1,241.1,
6,WELL-06,Nembe,exponential,none,19,2025-07-01,506.5,675.0,234.2,
6,WELL-06,Nembe,exponential,none,20,2025-08-01,487.3,591.7,235.8,
6,WELL-06,Nembe,exponential,none,21,2025-09-01,430.6,724.1,218.1,
6,WELL-06,Nembe,exponential,none,22,2025-10-01,433.1,637.7,229.3,
6,WELL-06,Nembe,exponential,none,23,2025-11-01,386.9,654.5,214.0,
6,WELL-06,Nembe,exponential,none,24,2025-12-01,402.1,549.7,232.3,
7,WELL-07,Okan,hyperbolic,none,1,2024-01-01,724.6,909.3,81.8,
7,WELL-07,Okan,hyperbolic,none,2,2024-02-01,680.2,839.8,85.3,
7,WELL-07,Okan,hyperbolic,none,3,2024-03-01,628.3,566.6,86.9,
7,WELL-07,Okan,hyperbolic,none,4,2024-04-01,599.0,633.5,90.7,
7,WELL-07,Okan,hyperbolic,none,5,2024-05-01,582.9,687.7,96.1,
7,WELL-07,Okan,hyperbolic,none,6,2024-06-01,532.2,601.7,95.0,
7,WELL-07,Okan,hyperbolic,none,7,2024-07-01,496.1,709.7,95.5,
7,WELL-07,Okan,hyperbolic,none,8,2024-08-01,503.1,739.2,104.1,
7,WELL-07,Okan,hyperbolic,none,9,2024-09-01,420.1,411.8,93.2,
7,WELL-07,Okan,hyperbolic,none,10,2024-10-01,423.9,588.6,100.4,
7,WELL-07,Okan,hyperbolic,none,11,2024-11-01,383.4,378.9,96.7,
7,WELL-07,Okan,hyperbolic,none,12,2024-12-01,384.4,415.0,103.1,
7,WELL-07,Okan,hyperbolic,none,13,2025-01-01,361.2,421.3,102.8,
7,WELL-07,Okan,hyperbolic,none,14,2025-02-01,350.2,424.2,105.5,
7,WELL-07,Okan,hyperbolic,none,15,2025-03-01,325.4,486.8,103.6,
7,WELL-07,Okan,hyperbolic,none,16,2025-04-01,276.8,346.9,93.0,
7,WELL-07,Okan,hyperbolic,none,17,2025-05-01,281.9,347.0,99.8,
7,WELL-07,Okan,hyperbolic,none,18,2025-06-01,253.9,288.1,94.6,
7,WELL-07,Okan,hyperbolic,none,19,2025-07-01,243.5,308.2,95.4,
7,WELL-07,Okan,hyperbolic,none,20,2025-08-01,241.8,354.7,99.5,
7,WELL-07,Okan,hyperbolic,none,21,2025-09-01,226.7,245.3,97.8,
7,WELL-07,Okan,hyperbolic,none,22,2025-10-01,215.3,244.8,97.4,
7,WELL-07,Okan,hyperbolic,none,23,2025-11-01,197.7,251.8,93.7,
7,WELL-07,Okan,hyperbolic,none,24,2025-12-01,215.8,245.5,107.0,
8,WELL-08,Ughelli,hyperbolic,none,1,2024-01-01,1012.8,1291.8,164.8,
8,WELL-08,Ughelli,hyperbolic,none,2,2024-02-01,1022.2,1211.7,180.3,
8,WELL-08,Ughelli,hyperbolic,none,3,2024-03-01,919.4,964.0,175.0,
8,WELL-08,Ughelli,hyperbolic,none,4,2024-04-01,978.6,1049.6,200.4,
8,WELL-08,Ughelli,hyperbolic,none,5,2024-05-01,907.5,860.7,199.1,
8,WELL-08,Ughelli,hyperbolic,none,6,2024-06-01,839.9,1064.8,196.9,
8,WELL-08,Ughelli,hyperbolic,none,7,2024-07-01,871.3,928.2,217.7,
8,WELL-08,Ughelli,hyperbolic,none,8,2024-08-01,787.0,743.3,209.1,
8,WELL-08,Ughelli,hyperbolic,none,9,2024-09-01,688.5,633.0,194.1,
8,WELL-08,Ughelli,hyperbolic,none,10,2024-10-01,651.4,714.6,194.5,
8,WELL-08,Ughelli,hyperbolic,none,11,2024-11-01,696.5,981.3,219.9,
8,WELL-08,Ughelli,hyperbolic,none,12,2024-12-01,604.5,754.7,201.4,
8,WELL-08,Ughelli,hyperbolic,none,13,2025-01-01,638.6,794.9,224.3,
8,WELL-08,Ughelli,hyperbolic,none,14,2025-02-01,569.9,656.3,210.7,
8,WELL-08,Ughelli,hyperbolic,none,15,2025-03-01,560.7,736.3,218.0,Decline shape shifted: hyperbolic to exponential
8,WELL-08,Ughelli,hyperbolic,none,16,2025-04-01,525.3,610.1,214.5,
8,WELL-08,Ughelli,hyperbolic,none,17,2025-05-01,495.9,551.7,212.5,
8,WELL-08,Ughelli,hyperbolic,none,18,2025-06-01,477.8,690.3,214.6,
8,WELL-08,Ughelli,hyperbolic,none,19,2025-07-01,480.5,583.1,226.0,
8,WELL-08,Ughelli,hyperbolic,none,20,2025-08-01,472.6,703.8,232.7,
8,WELL-08,Ughelli,hyperbolic,none,21,2025-09-01,441.2,536.5,227.2,
8,WELL-08,Ughelli,hyperbolic,none,22,2025-10-01,447.5,619.3,240.9,
8,WELL-08,Ughelli,hyperbolic,none,23,2025-11-01,396.9,605.7,223.2,
8,WELL-08,Ughelli,hyperbolic,none,24,2025-12-01,403.4,508.5,236.9,
9,WELL-09,Afam,exponential,none,1,2024-01-01,496.4,564.8,61.8,
9,WELL-09,Afam,exponential,none,2,2024-02-01,504.2,453.6,69.3,
9,WELL-09,Afam,exponential,none,3,2024-03-01,531.3,463.3,79.9,
9,WELL-09,Afam,exponential,none,4,2024-04-01,448.9,423.7,73.5,
9,WELL-09,Afam,exponential,none,5,2024-05-01,441.2,563.8,78.3,
9,WELL-09,Afam,exponential,none,6,2024-06-01,448.9,555.3,86.0,
9,WELL-09,Afam,exponential,none,7,2024-07-01,397.2,512.6,81.8,
9,WELL-09,Afam,exponential,none,8,2024-08-01,421.8,563.4,93.1,
9,WELL-09,Afam,exponential,none,9,2024-09-01,412.1,599.4,97.1,
9,WELL-09,Afam,exponential,none,10,2024-10-01,398.3,420.8,100.1,
9,WELL-09,Afam,exponential,none,11,2024-11-01,377.3,505.2,100.8,
9,WELL-09,Afam,exponential,none,12,2024-12-01,375.9,484.9,106.5,
9,WELL-09,Afam,exponential,none,13,2025-01-01,357.4,518.9,107.2,
9,WELL-09,Afam,exponential,none,14,2025-02-01,322.7,379.1,102.3,
9,WELL-09,Afam,exponential,none,15,2025-03-01,356.0,431.8,119.2,
9,WELL-09,Afam,exponential,none,16,2025-04-01,336.6,406.8,118.7,
9,WELL-09,Afam,exponential,none,17,2025-05-01,334.6,452.2,124.2,
9,WELL-09,Afam,exponential,none,18,2025-06-01,295.6,352.4,115.4,
9,WELL-09,Afam,exponential,none,19,2025-07-01,311.7,438.7,127.8,
9,WELL-09,Afam,exponential,none,20,2025-08-01,299.2,349.2,128.7,
9,WELL-09,Afam,exponential,none,21,2025-09-01,276.2,383.9,124.5,
9,WELL-09,Afam,exponential,none,22,2025-10-01,281.7,404.2,133.0,
9,WELL-09,Afam,exponential,none,23,2025-11-01,269.3,423.8,133.1,
9,WELL-09,Afam,exponential,none,24,2025-12-01,262.7,377.6,135.8,
10,WELL-10,Soku,harmonic,none,1,2024-01-01,670.7,767.6,54.4,
10,WELL-10,Soku,harmonic,none,2,2024-02-01,650.2,778.2,60.4,
10,WELL-10,Soku,harmonic,none,3,2024-03-01,566.6,532.3,59.5,
10,WELL-10,Soku,harmonic,none,4,2024-04-01,560.2,643.6,65.7,
10,WELL-10,Soku,harmonic,none,5,2024-05-01,544.7,548.3,70.8,
10,WELL-10,Soku,harmonic,none,6,2024-06-01,511.0,701.9,73.0,
10,WELL-10,Soku,harmonic,none,7,2024-07-01,488.0,637.8,76.2,
10,WELL-10,Soku,harmonic,none,8,2024-08-01,470.3,498.9,79.7,
10,WELL-10,Soku,harmonic,none,9,2024-09-01,481.8,599.5,88.4,
10,WELL-10,Soku,harmonic,none,10,2024-10-01,434.4,610.0,85.8,
10,WELL-10,Soku,harmonic,none,11,2024-11-01,399.2,569.8,84.7,
10,WELL-10,Soku,harmonic,none,12,2024-12-01,441.9,538.2,100.3,
10,WELL-10,Soku,harmonic,none,13,2025-01-01,385.2,520.2,93.3,
10,WELL-10,Soku,harmonic,none,14,2025-02-01,387.8,495.5,100.0,
10,WELL-10,Soku,harmonic,none,15,2025-03-01,344.4,442.7,94.3,
10,WELL-10,Soku,harmonic,none,16,2025-04-01,330.9,409.5,96.1,
10,WELL-10,Soku,harmonic,none,17,2025-05-01,338.2,429.1,103.9,
10,WELL-10,Soku,harmonic,none,18,2025-06-01,342.4,418.9,111.1,
10,WELL-10,Soku,harmonic,none,19,2025-07-01,346.3,394.0,118.5,
10,WELL-10,Soku,harmonic,none,20,2025-08-01,300.9,475.7,108.5,
10,WELL-10,Soku,harmonic,none,21,2025-09-01,302.0,322.5,114.6,
10,WELL-10,Soku,harmonic,none,22,2025-10-01,297.4,416.3,118.5,
10,WELL-10,Soku,harmonic,none,23,2025-11-01,290.1,350.6,121.4,
10,WELL-10,Soku,harmonic,none,24,2025-12-01,281.5,343.4,123.5,
11,WELL-11,Idama,hyperbolic,none,1,2024-01-01,1107.2,978.5,75.3,
11,WELL-11,Idama,hyperbolic,none,2,2024-02-01,950.6,1157.0,75.6,
11,WELL-11,Idama,hyperbolic,none,3,2024-03-01,842.6,914.9,76.9,
11,WELL-11,Idama,hyperbolic,none,4,2024-04-01,867.8,1102.4,89.7,
11,WELL-11,Idama,hyperbolic,none,5,2024-05-01,837.5,910.1,96.9,
11,WELL-11,Idama,hyperbolic,none,6,2024-06-01,771.4,809.4,98.9,
11,WELL-11,Idama,hyperbolic,none,7,2024-07-01,788.6,943.9,111.3,
11,WELL-11,Idama,hyperbolic,none,8,2024-08-01,763.1,706.0,117.7,
11,WELL-11,Idama,hyperbolic,none,9,2024-09-01,714.1,751.2,119.8,
11,WELL-11,Idama,hyperbolic,none,10,2024-10-01,649.1,694.9,117.8,
11,WELL-11,Idama,hyperbolic,none,11,2024-11-01,676.3,888.7,132.3,
11,WELL-11,Idama,hyperbolic,none,12,2024-12-01,619.7,857.1,130.2,
11,WELL-11,Idama,hyperbolic,none,13,2025-01-01,588.0,797.0,132.3,
11,WELL-11,Idama,hyperbolic,none,14,2025-02-01,587.7,671.1,141.1,
11,WELL-11,Idama,hyperbolic,none,15,2025-03-01,529.8,614.7,135.5,
11,WELL-11,Idama,hyperbolic,none,16,2025-04-01,502.5,690.4,136.5,
11,WELL-11,Idama,hyperbolic,none,17,2025-05-01,541.0,606.3,155.8,
11,WELL-11,Idama,hyperbolic,none,18,2025-06-01,487.5,690.0,148.6,Decline shape shifted: hyperbolic to exponential
11,WELL-11,Idama,hyperbolic,none,19,2025-07-01,489.8,709.9,157.8,
11,WELL-11,Idama,hyperbolic,none,20,2025-08-01,453.1,546.3,154.0,
11,WELL-11,Idama,hyperbolic,none,21,2025-09-01,487.1,611.2,174.4,
11,WELL-11,Idama,hyperbolic,none,22,2025-10-01,440.4,688.7,165.9,
11,WELL-11,Idama,hyperbolic,none,23,2025-11-01,404.6,504.6,160.2,
11,WELL-11,Idama,hyperbolic,none,24,2025-12-01,419.3,499.3,174.3,
12,WELL-12,Ogbainbiri,exponential,none,1,2024-01-01,347.7,353.2,45.4,
12,WELL-12,Ogbainbiri,exponential,none,2,2024-02-01,349.2,448.0,50.1,
12,WELL-12,Ogbainbiri,exponential,none,3,2024-03-01,298.4,318.6,46.7,
12,WELL-12,Ogbainbiri,exponential,none,4,2024-04-01,312.0,374.0,53.1,
12,WELL-12,Ogbainbiri,exponential,none,5,2024-05-01,303.1,300.5,55.8,
12,WELL-12,Ogbainbiri,exponential,none,6,2024-06-01,321.6,331.9,63.7,
12,WELL-12,Ogbainbiri,exponential,none,7,2024-07-01,288.4,406.9,61.3,
12,WELL-12,Ogbainbiri,exponential,none,8,2024-08-01,295.5,317.5,67.3,
12,WELL-12,Ogbainbiri,exponential,none,9,2024-09-01,282.5,340.3,68.6,
12,WELL-12,Ogbainbiri,exponential,none,10,2024-10-01,264.8,369.3,68.5,
12,WELL-12,Ogbainbiri,exponential,none,11,2024-11-01,278.5,395.6,76.5,
12,WELL-12,Ogbainbiri,exponential,none,12,2024-12-01,256.9,346.1,74.8,
12,WELL-12,Ogbainbiri,exponential,none,13,2025-01-01,275.9,329.8,84.9,
12,WELL-12,Ogbainbiri,exponential,none,14,2025-02-01,245.6,277.3,79.9,
12,WELL-12,Ogbainbiri,exponential,none,15,2025-03-01,258.8,298.9,88.8,
12,WELL-12,Ogbainbiri,exponential,none,16,2025-04-01,265.8,370.0,96.0,
12,WELL-12,Ogbainbiri,exponential,none,17,2025-05-01,256.0,371.5,97.3,
12,WELL-12,Ogbainbiri,exponential,none,18,2025-06-01,241.4,322.1,96.4,
12,WELL-12,Ogbainbiri,exponential,none,19,2025-07-01,245.7,287.2,103.0,
12,WELL-12,Ogbainbiri,exponential,none,20,2025-08-01,245.0,270.4,107.7,
12,WELL-12,Ogbainbiri,exponential,none,21,2025-09-01,222.9,360.5,102.7,
12,WELL-12,Ogbainbiri,exponential,none,22,2025-10-01,239.2,359.7,115.4,
12,WELL-12,Ogbainbiri,exponential,none,23,2025-11-01,233.2,255.6,117.7,
12,WELL-12,Ogbainbiri,exponential,none,24,2025-12-01,208.3,251.1,109.9,
13,WELL-13,Ekulama,hyperbolic,workover,1,2024-01-01,820.9,1049.6,59.6,
13,WELL-13,Ekulama,hyperbolic,workover,2,2024-02-01,810.0,901.6,68.2,
13,WELL-13,Ekulama,hyperbolic,workover,3,2024-03-01,758.1,945.2,72.9,
13,WELL-13,Ekulama,hyperbolic,workover,4,2024-04-01,751.1,810.3,81.3,
13,WELL-13,Ekulama,hyperbolic,workover,5,2024-05-01,730.4,937.5,88.2,
13,WELL-13,Ekulama,hyperbolic,workover,6,2024-06-01,665.2,824.2,88.7,
13,WELL-13,Ekulama,hyperbolic,workover,7,2024-07-01,674.2,947.8,98.7,
13,WELL-13,Ekulama,hyperbolic,workover,8,2024-08-01,611.9,757.5,97.7,
13,WELL-13,Ekulama,hyperbolic,workover,9,2024-09-01,576.6,616.9,99.9,
13,WELL-13,Ekulama,hyperbolic,workover,10,2024-10-01,691.7,716.2,129.5,Workover performed - production restored
13,WELL-13,Ekulama,hyperbolic,workover,11,2024-11-01,685.8,811.5,138.2,
13,WELL-13,Ekulama,hyperbolic,workover,12,2024-12-01,626.9,929.4,135.5,
13,WELL-13,Ekulama,hyperbolic,workover,13,2025-01-01,649.9,928.5,150.2,
13,WELL-13,Ekulama,hyperbolic,workover,14,2025-02-01,652.8,695.6,160.8,
13,WELL-13,Ekulama,hyperbolic,workover,15,2025-03-01,575.3,775.0,150.8,
13,WELL-13,Ekulama,hyperbolic,workover,16,2025-04-01,512.8,579.5,142.7,
13,WELL-13,Ekulama,hyperbolic,workover,17,2025-05-01,511.2,704.6,150.7,
13,WELL-13,Ekulama,hyperbolic,workover,18,2025-06-01,492.7,742.3,153.6,
13,WELL-13,Ekulama,hyperbolic,workover,19,2025-07-01,509.8,694.5,167.9,
13,WELL-13,Ekulama,hyperbolic,workover,20,2025-08-01,469.6,547.3,163.0,
13,WELL-13,Ekulama,hyperbolic,workover,21,2025-09-01,448.8,570.8,164.1,
13,WELL-13,Ekulama,hyperbolic,workover,22,2025-10-01,413.8,636.7,159.1,
13,WELL-13,Ekulama,hyperbolic,workover,23,2025-11-01,402.0,608.7,162.4,
13,WELL-13,Ekulama,hyperbolic,workover,24,2025-12-01,405.5,593.8,171.9,
14,WELL-14,Cawthorne Channel,exponential,workover,1,2024-01-01,679.1,645.3,50.1,
14,WELL-14,Cawthorne Channel,exponential,workover,2,2024-02-01,700.6,726.1,59.8,
14,WELL-14,Cawthorne Channel,exponential,workover,3,2024-03-01,692.8,628.7,67.4,
14,WELL-14,Cawthorne Channel,exponential,workover,4,2024-04-01,647.2,778.9,70.9,
14,WELL-14,Cawthorne Channel,exponential,workover,5,2024-05-01,652.2,723.9,79.5,
14,WELL-14,Cawthorne Channel,exponential,workover,6,2024-06-01,614.1,715.9,82.7,
14,WELL-14,Cawthorne Channel,exponential,workover,7,2024-07-01,579.9,732.9,85.7,
14,WELL-14,Cawthorne Channel,exponential,workover,8,2024-08-01,570.0,744.2,91.8,
14,WELL-14,Cawthorne Channel,exponential,workover,9,2024-09-01,551.6,777.5,96.4,
14,WELL-14,Cawthorne Channel,exponential,workover,10,2024-10-01,506.0,579.8,95.5,
14,WELL-14,Cawthorne Channel,exponential,workover,11,2024-11-01,476.0,664.4,96.6,
14,WELL-14,Cawthorne Channel,exponential,workover,12,2024-12-01,470.8,506.4,102.4,
14,WELL-14,Cawthorne Channel,exponential,workover,13,2025-01-01,466.6,630.7,108.5,
14,WELL-14,Cawthorne Channel,exponential,workover,14,2025-02-01,410.5,560.0,101.8,
14,WELL-14,Cawthorne Channel,exponential,workover,15,2025-03-01,537.5,752.6,141.8,Workover performed - production restored
14,WELL-14,Cawthorne Channel,exponential,workover,16,2025-04-01,534.1,643.9,149.5,
14,WELL-14,Cawthorne Channel,exponential,workover,17,2025-05-01,514.6,571.8,152.6,
14,WELL-14,Cawthorne Channel,exponential,workover,18,2025-06-01,486.1,542.6,152.4,
14,WELL-14,Cawthorne Channel,exponential,workover,19,2025-07-01,483.7,506.1,160.1,
14,WELL-14,Cawthorne Channel,exponential,workover,20,2025-08-01,413.3,597.0,144.2,
14,WELL-14,Cawthorne Channel,exponential,workover,21,2025-09-01,418.5,620.9,153.8,
14,WELL-14,Cawthorne Channel,exponential,workover,22,2025-10-01,409.1,541.7,158.1,
14,WELL-14,Cawthorne Channel,exponential,workover,23,2025-11-01,386.4,524.9,156.8,
14,WELL-14,Cawthorne Channel,exponential,workover,24,2025-12-01,361.0,540.3,153.8,
15,WELL-15,Robertkiri,hyperbolic,water_breakthrough,1,2024-01-01,1132.6,1230.3,168.3,
15,WELL-15,Robertkiri,hyperbolic,water_breakthrough,2,2024-02-01,1050.1,1138.2,170.1,
15,WELL-15,Robertkiri,hyperbolic,water_breakthrough,3,2024-03-01,920.4,1036.7,161.6,
15,WELL-15,Robertkiri,hyperbolic,water_breakthrough,4,2024-04-01,915.1,1211.5,173.5,
15,WELL-15,Robertkiri,hyperbolic,water_breakthrough,5,2024-05-01,844.8,782.3,172.3,
15,WELL-15,Robertkiri,hyperbolic,water_breakthrough,6,2024-06-01,784.6,1110.8,171.5,
15,WELL-15,Robertkiri,hyperbolic,water_breakthrough,7,2024-07-01,801.3,834.1,187.2,
15,WELL-15,Robertkiri,hyperbolic,water_breakthrough,8,2024-08-01,758.2,1012.0,188.8,
15,WELL-15,Robertkiri,hyperbolic,water_breakthrough,9,2024-09-01,726.1,938.2,192.3,
15,WELL-15,Robertkiri,hyperbolic,water_breakthrough,10,2024-10-01,685.8,951.9,192.7,
15,WELL-15,Robertkiri,hyperbolic,water_breakthrough,11,2024-11-01,623.3,655.7,185.5,
15,WELL-15,Robertkiri,hyperbolic,water_breakthrough,12,2024-12-01,604.9,723.9,190.4,Water breakthrough detected
15,WELL-15,Robertkiri,hyperbolic,water_breakthrough,13,2025-01-01,577.6,738.8,258.7,
15,WELL-15,Robertkiri,hyperbolic,water_breakthrough,14,2025-02-01,589.5,665.8,360.3,
15,WELL-15,Robertkiri,hyperbolic,water_breakthrough,15,2025-03-01,540.9,577.1,441.4,
15,WELL-15,Robertkiri,hyperbolic,water_breakthrough,16,2025-04-01,515.5,599.1,557.1,
15,WELL-15,Robertkiri,hyperbolic,water_breakthrough,17,2025-05-01,525.0,722.4,753.5,
15,WELL-15,Robertkiri,hyperbolic,water_breakthrough,18,2025-06-01,466.1,547.0,902.3,
15,WELL-15,Robertkiri,hyperbolic,water_breakthrough,19,2025-07-01,511.4,717.9,1378.2,
15,WELL-15,Robertkiri,hyperbolic,water_breakthrough,20,2025-08-01,445.2,551.4,1774.0,
15,WELL-15,Robertkiri,hyperbolic,water_breakthrough,21,2025-09-01,417.7,526.7,2779.6,
15,WELL-15,Robertkiri,hyperbolic,water_breakthrough,22,2025-10-01,400.6,543.1,3605.5,
15,WELL-15,Robertkiri,hyperbolic,water_breakthrough,23,2025-11-01,418.6,520.3,3767.2,
15,WELL-15,Robertkiri,hyperbolic,water_breakthrough,24,2025-12-01,410.5,486.0,3694.3,
16,WELL-16,Diebu Creek,exponential,water_breakthrough,1,2024-01-01,612.8,708.9,111.2,
16,WELL-16,Diebu Creek,exponential,water_breakthrough,2,2024-02-01,602.6,775.9,117.9,
16,WELL-16,Diebu Creek,exponential,water_breakthrough,3,2024-03-01,599.9,560.5,126.0,
16,WELL-16,Diebu Creek,exponential,water_breakthrough,4,2024-04-01,561.3,750.3,126.3,
16,WELL-16,Diebu Creek,exponential,water_breakthrough,5,2024-05-01,587.3,661.2,141.0,
16,WELL-16,Diebu Creek,exponential,water_breakthrough,6,2024-06-01,518.4,513.1,132.6,
16,WELL-16,Diebu Creek,exponential,water_breakthrough,7,2024-07-01,497.4,648.5,135.1,
16,WELL-16,Diebu Creek,exponential,water_breakthrough,8,2024-08-01,475.1,607.4,136.9,
16,WELL-16,Diebu Creek,exponential,water_breakthrough,9,2024-09-01,480.5,650.6,146.5,
16,WELL-16,Diebu Creek,exponential,water_breakthrough,10,2024-10-01,449.3,665.9,144.7,
16,WELL-16,Diebu Creek,exponential,water_breakthrough,11,2024-11-01,453.6,496.3,154.1,
16,WELL-16,Diebu Creek,exponential,water_breakthrough,12,2024-12-01,430.7,444.7,154.2,
16,WELL-16,Diebu Creek,exponential,water_breakthrough,13,2025-01-01,422.2,545.4,159.0,
16,WELL-16,Diebu Creek,exponential,water_breakthrough,14,2025-02-01,429.4,546.7,170.0,Water breakthrough detected
16,WELL-16,Diebu Creek,exponential,water_breakthrough,15,2025-03-01,382.0,527.3,209.0,
16,WELL-16,Diebu Creek,exponential,water_breakthrough,16,2025-04-01,365.5,555.1,268.6,
16,WELL-16,Diebu Creek,exponential,water_breakthrough,17,2025-05-01,394.6,580.8,384.7,
16,WELL-16,Diebu Creek,exponential,water_breakthrough,18,2025-06-01,343.2,447.2,443.2,
16,WELL-16,Diebu Creek,exponential,water_breakthrough,19,2025-07-01,377.3,572.8,652.5,
16,WELL-16,Diebu Creek,exponential,water_breakthrough,20,2025-08-01,351.3,514.4,834.0,
16,WELL-16,Diebu Creek,exponential,water_breakthrough,21,2025-09-01,328.1,494.5,1121.4,
16,WELL-16,Diebu Creek,exponential,water_breakthrough,22,2025-10-01,329.8,435.0,1779.4,
16,WELL-16,Diebu Creek,exponential,water_breakthrough,23,2025-11-01,322.9,420.2,2905.8,
16,WELL-16,Diebu Creek,exponential,water_breakthrough,24,2025-12-01,279.2,398.4,2513.2,
17,WELL-17,Belema,hyperbolic,shut_in,1,2024-01-01,850.0,857.5,70.3,
17,WELL-17,Belema,hyperbolic,shut_in,2,2024-02-01,756.3,987.1,71.5,
17,WELL-17,Belema,hyperbolic,shut_in,3,2024-03-01,713.0,673.2,76.0,
17,WELL-17,Belema,hyperbolic,shut_in,4,2024-04-01,727.5,732.8,86.6,
17,WELL-17,Belema,hyperbolic,shut_in,5,2024-05-01,685.3,763.5,90.2,
17,WELL-17,Belema,hyperbolic,shut_in,6,2024-06-01,701.3,749.3,101.4,
17,WELL-17,Belema,hyperbolic,shut_in,7,2024-07-01,654.0,809.2,103.3,
17,WELL-17,Belema,hyperbolic,shut_in,8,2024-08-01,614.4,768.8,105.3,
17,WELL-17,Belema,hyperbolic,shut_in,9,2024-09-01,572.4,600.6,106.1,
17,WELL-17,Belema,hyperbolic,shut_in,10,2024-10-01,553.5,676.1,110.5,
17,WELL-17,Belema,hyperbolic,shut_in,11,2024-11-01,0.0,0.0,0.0,Unplanned shut-in begins
17,WELL-17,Belema,hyperbolic,shut_in,12,2024-12-01,0.0,0.0,0.0,Shut-in
17,WELL-17,Belema,hyperbolic,shut_in,13,2025-01-01,0.0,0.0,0.0,Shut-in
17,WELL-17,Belema,hyperbolic,shut_in,14,2025-02-01,473.3,521.4,123.1,
17,WELL-17,Belema,hyperbolic,shut_in,15,2025-03-01,455.6,588.2,125.8,
17,WELL-17,Belema,hyperbolic,shut_in,16,2025-04-01,426.3,509.5,124.7,
17,WELL-17,Belema,hyperbolic,shut_in,17,2025-05-01,419.3,501.2,129.8,
17,WELL-17,Belema,hyperbolic,shut_in,18,2025-06-01,368.3,490.7,120.4,
17,WELL-17,Belema,hyperbolic,shut_in,19,2025-07-01,376.2,447.6,129.7,
17,WELL-17,Belema,hyperbolic,shut_in,20,2025-08-01,362.6,442.9,131.6,
17,WELL-17,Belema,hyperbolic,shut_in,21,2025-09-01,358.4,432.0,136.9,
17,WELL-17,Belema,hyperbolic,shut_in,22,2025-10-01,349.6,519.2,140.3,
17,WELL-17,Belema,hyperbolic,shut_in,23,2025-11-01,337.4,519.2,142.1,
17,WELL-17,Belema,hyperbolic,shut_in,24,2025-12-01,331.1,508.9,146.2,
18,WELL-18,Ubie,exponential,recompletion,1,2024-01-01,885.2,902.3,128.4,
18,WELL-18,Ubie,exponential,recompletion,2,2024-02-01,854.9,1137.7,135.4,
18,WELL-18,Ubie,exponential,recompletion,3,2024-03-01,864.6,819.0,148.6,
18,WELL-18,Ubie,exponential,recompletion,4,2024-04-01,876.1,1197.6,162.8,
18,WELL-18,Ubie,exponential,recompletion,5,2024-05-01,827.3,1079.3,165.5,
18,WELL-18,Ubie,exponential,recompletion,6,2024-06-01,787.5,859.6,169.0,
18,WELL-18,Ubie,exponential,recompletion,7,2024-07-01,758.4,781.1,174.1,
18,WELL-18,Ubie,exponential,recompletion,8,2024-08-01,735.0,964.2,180.0,
18,WELL-18,Ubie,exponential,recompletion,9,2024-09-01,690.3,764.3,179.9,
18,WELL-18,Ubie,exponential,recompletion,10,2024-10-01,582.8,632.0,161.2,
18,WELL-18,Ubie,exponential,recompletion,11,2024-11-01,580.6,757.3,170.2,
18,WELL-18,Ubie,exponential,recompletion,12,2024-12-01,582.8,788.2,180.7,
18,WELL-18,Ubie,exponential,recompletion,13,2025-01-01,520.8,647.3,170.5,
18,WELL-18,Ubie,exponential,recompletion,14,2025-02-01,554.4,674.8,191.5,
18,WELL-18,Ubie,exponential,recompletion,15,2025-03-01,512.8,790.7,186.5,
18,WELL-18,Ubie,exponential,recompletion,16,2025-04-01,899.6,1118.7,344.1,Well recompleted - new decline cycle begins
18,WELL-18,Ubie,exponential,recompletion,17,2025-05-01,852.3,906.3,342.6,
18,WELL-18,Ubie,exponential,recompletion,18,2025-06-01,830.7,1027.0,350.5,
18,WELL-18,Ubie,exponential,recompletion,19,2025-07-01,798.3,1068.2,353.1,
18,WELL-18,Ubie,exponential,recompletion,20,2025-08-01,722.8,1038.0,335.0,
18,WELL-18,Ubie,exponential,recompletion,21,2025-09-01,723.7,1072.9,351.1,
18,WELL-18,Ubie,exponential,recompletion,22,2025-10-01,654.3,995.9,332.1,
18,WELL-18,Ubie,exponential,recompletion,23,2025-11-01,639.0,820.8,339.1,
18,WELL-18,Ubie,exponential,recompletion,24,2025-12-01,610.2,984.2,338.4,
